{
    "user_badges":[
        {
            "id":36832,
            "granted_at":"2020-05-23T20:52:41.156Z",
            "created_at":"2020-05-23T20:52:41.156Z",
            "count":1,
            "badge_id":1,
            "user_id":34983,
            "granted_by_id":-1
        }
    ],
    "badges":[
        {
            "id":1,
            "name":"Basic",
            "description":"\u003ca href=\"https://blog.discourse.org/2018/06/understanding-discourse-trust-levels/\"\u003eGranted\u003c/a\u003e all essential community functions",
            "grant_count":92674,
            "allow_title":false,
            "multiple_grant":false,
            "icon":"fa-user",
            "image_url":null,
            "listable":true,
            "enabled":true,
            "badge_grouping_id":4,
            "system":true,
            "slug":"basic",
            "manually_grantable":false,
            "badge_type_id":3
        }
    ],
    "badge_types":[
        {
            "id":3,
            "name":"Bronze",
            "sort_order":7
        }
    ],
    "users":[
        {
            "id":34983,
            "username":"triwit7417",
            "name":"Triwit tannil",
            "avatar_template":"/user_avatar/github.community/triwit7417/{size}/18567_2.png",
            "flair_name":null,
            "trust_level":1
        },
        {
            "id":-1,
            "username":"system",
            "name":"system",
            "avatar_template":"https://aws1.discourse-cdn.com/github/original/2X/d/d41676c9bf9fbaa8edbe76ef34744f38089d0474.svg",
            "flair_name":null,
            "admin":true,
            "moderator":true,
            "trust_level":4
        }
    ],
    "user":{
        "id":34983,
        "username":"triwit7417",
        "name":"Triwit tannil",
        "avatar_template":"/user_avatar/github.community/triwit7417/{size}/18567_2.png",
        "email":"thaiwedding2@gmail.com",
        "secondary_emails":[],
        "unconfirmed_emails":[],
        "last_posted_at":null,
        "last_seen_at":"2021-07-29T21:28:19.628Z",
        "created_at":"2019-04-24T00:55:26.164Z",
        "ignored":false,
        "muted":false,
        "can_ignore_user":false,
        "can_mute_user":false,
        "can_send_private_messages":false,
        "can_send_private_message_to_user":false,
        "trust_level":1,
        "moderator":false,
        "admin":false,
        "title":null,
        "badge_count":1,
        "user_fields":{
            "1":null
        },
        "custom_fields":{},
        "time_read":84,
        "recent_time_read":10,
        "primary_group_id":null,
        "primary_group_name":null,
        "flair_group_id":null,
        "flair_name":null,
        "flair_url":null,
        "flair_bg_color":null,
        "flair_color":null,
        "featured_topic":null,
        "bio_excerpt":null,
        "bio_cooked":null,
        "can_edit":true,
        "can_edit_username":false,
        "can_edit_email":false,
        "can_edit_name":false,
        "uploaded_avatar_id":18567,
        "has_title_badges":false,
        "pending_count":0,
        "profile_view_count":2,
        "second_factor_enabled":false,
        "second_factor_backup_enabled":false,
        "associated_accounts":[
            {
                "name":"github",
                "description":"thaiwedding2@gmail.com"
            }
        ],
        "can_upload_profile_header":true,
        "can_upload_user_card_background":true,
        "locale":null,
        "muted_category_ids":[],
        "regular_category_ids":[],
        "watched_tags":[],
        "watching_first_post_tags":[],
        "tracked_tags":[],
        "muted_tags":[],
        "tracked_category_ids":[],
        "watched_category_ids":[],
        "watched_first_post_category_ids":[],
        "system_avatar_upload_id":null,
        "system_avatar_template":"https://avatars.discourse-cdn.com/v4/letter/t/ed655f/{size}.png",
        "gravatar_avatar_upload_id":18568,
        "gravatar_avatar_template":"/user_avatar/github.community/triwit7417/{size}/18568_2.png",
        "custom_avatar_upload_id":18567,
        "custom_avatar_template":"/user_avatar/github.community/triwit7417/{size}/18567_2.png",
        "muted_usernames":[],
        "ignored_usernames":[],
        "allowed_pm_usernames":[],
        "mailing_list_posts_per_day":82,
        "can_change_bio":true,
        "can_change_location":true,
        "can_change_website":true,
        "can_change_tracking_preferences":true,
        "user_api_keys":null,
        "user_auth_tokens":[
            {
                "id":74591,
                "client_ip":"1.47.134.103",
                "location":"Bangkok, Thailand",
                "browser":"Google Chrome",
                "device":"Android Device",
                "os":"Android",
                "icon":"fab-android",
                "created_at":"2021-07-29T21:28:19.295Z",
                "seen_at":"2021-07-29T21:28:19.625Z"
            }
        ],
        "user_notification_schedule":{
            "enabled":false,
            "day_0_start_time":480,
            "day_0_end_time":1020,
            "day_1_start_time":480,
            "day_1_end_time":1020,
            "day_2_start_time":480,
            "day_2_end_time":1020,
            "day_3_start_time":480,
            "day_3_end_time":1020,
            "day_4_start_time":480,
            "day_4_end_time":1020,
            "day_5_start_time":480,
            "day_5_end_time":1020,
            "day_6_start_time":480,
            "day_6_end_time":1020
        },
        "use_logo_small_as_avatar":false,
        "reminders_frequency":[
            {
                "name":"discourse_assign.reminders_frequency.never",
                "value":0
            },
            {
                "name":"discourse_assign.reminders_frequency.daily",
                "value":1440
            },
            {
                "name":"discourse_assign.reminders_frequency.weekly",
                "value":10080
            },
            {
                "name":"discourse_assign.reminders_frequency.monthly",
                "value":43200
            },
            {
                "name":"discourse_assign.reminders_frequency.quarterly",
                "value":129600
            }
        ],
        "date_of_birth":null,
        "featured_user_badge_ids":[
            36832
        ],
        "invited_by":null,
        "groups":[
            {
                "id":10,
                "automatic":true,
                "name":"trust_level_0",
                "display_name":"trust_level_0",
                "user_count":139098,
                "mentionable_level":0,
                "messageable_level":0,
                "visibility_level":1,
                "primary_group":false,
                "title":null,
                "grant_trust_level":null,
                "flair_url":null,
                "flair_bg_color":null,
                "flair_color":null,
                "bio_cooked":null,
                "bio_excerpt":null,
                "public_admission":false,
                "public_exit":false,
                "allow_membership_requests":false,
                "full_name":null,
                "default_notification_level":3,
                "membership_request_template":null,
                "members_visibility_level":0,
                "can_see_members":true,
                "publish_read_state":false
            },
            {
                "id":11,
                "automatic":true,
                "name":"trust_level_1",
                "display_name":"trust_level_1",
                "user_count":92674,
                "mentionable_level":0,
                "messageable_level":0,
                "visibility_level":1,
                "primary_group":false,
                "title":null,
                "grant_trust_level":null,
                "flair_url":null,
                "flair_bg_color":null,
                "flair_color":null,
                "bio_cooked":null,
                "bio_excerpt":null,
                "public_admission":false,
                "public_exit":false,
                "allow_membership_requests":false,
                "full_name":null,
                "default_notification_level":3,
                "membership_request_template":null,
                "members_visibility_level":0,
                "can_see_members":true,
                "publish_read_state":false
            }
        ],
        "group_users":[
            {
                "group_id":10,
                "user_id":34983,
                "notification_level":3,
                "owner":false
            },
            {
                "group_id":11,
                "user_id":34983,
                "notification_level":3,
                "owner":false
            }
        ],
        "user_option":{
            "user_id":34983,
            "mailing_list_mode":false,
            "mailing_list_mode_frequency":1,
            "email_digests":true,
            "email_level":1,
            "email_messages_level":0,
            "external_links_in_new_tab":false,
            "color_scheme_id":null,
            "dark_scheme_id":null,
            "dynamic_favicon":false,
            "enable_quoting":true,
            "enable_defer":false,
            "digest_after_minutes":10080,
            "automatically_unpin_topics":true,
            "auto_track_topics_after_msecs":240000,
            "notification_level_when_replying":2,
            "new_topic_duration_minutes":2880,
            "email_previous_replies":2,
            "email_in_reply_to":true,
            "like_notification_frequency":1,
            "include_tl0_in_digests":false,
            "theme_ids":[
                5
            ],
            "theme_key_seq":0,
            "allow_private_messages":true,
            "enable_allowed_pm_users":false,
            "homepage_id":null,
            "hide_profile_and_presence":false,
            "text_size":"normal",
            "text_size_seq":0,
            "title_count_mode":"notifications",
            "timezone":null,
            "skip_new_user_tips":false
        }
    }
}
